seq,tid,timestamp_sec,timestamp_nsec,msg
24721,140034264380992,1760733178,271657257,writer1-msg6210
24722,140034264380992,1760733178,271657517,writer1-msg6211
24723,140034272773696,1760733178,272638822,writer0-msg6178
24724,140034272773696,1760733178,272639126,writer0-msg6179
24725,140034247595584,1760733178,273362825,writer3-msg6170
24726,140034247595584,1760733178,273363149,writer3-msg6171
24727,140034255988288,1760733178,273441300,writer2-msg6162
24728,140034255988288,1760733178,273441519,writer2-msg6163
24729,140034264380992,1760733178,274729858,writer1-msg6212
24730,140034264380992,1760733178,274730082,writer1-msg6213
24731,140034272773696,1760733178,275745427,writer0-msg6180
24732,140034272773696,1760733178,275745729,writer0-msg6181
24733,140034247595584,1760733178,276481337,writer3-msg6172
24734,140034247595584,1760733178,276481557,writer3-msg6173
24735,140034255988288,1760733178,276541004,writer2-msg6164
24736,140034255988288,1760733178,276541176,writer2-msg6165
24737,140034264380992,1760733178,277829796,writer1-msg6214
24738,140034264380992,1760733178,277830055,writer1-msg6215
24739,140034272773696,1760733178,278812177,writer0-msg6182
24740,140034272773696,1760733178,278812462,writer0-msg6183
24741,140034247595584,1760733178,279635560,writer3-msg6174
24742,140034247595584,1760733178,279635840,writer3-msg6175
24743,140034255988288,1760733178,279709809,writer2-msg6166
24744,140034255988288,1760733178,279710030,writer2-msg6167
24745,140034264380992,1760733178,280901018,writer1-msg6216
24746,140034264380992,1760733178,280901299,writer1-msg6217
24747,140034272773696,1760733178,281907108,writer0-msg6184
24748,140034272773696,1760733178,281907402,writer0-msg6185
24749,140034247595584,1760733178,282721661,writer3-msg6176
24750,140034247595584,1760733178,282721861,writer3-msg6177
24751,140034255988288,1760733178,282867902,writer2-msg6168
24752,140034255988288,1760733178,282868102,writer2-msg6169
24753,140034264380992,1760733178,284002073,writer1-msg6218
24754,140034264380992,1760733178,284002311,writer1-msg6219
24755,140034272773696,1760733178,285018419,writer0-msg6186
24756,140034272773696,1760733178,285018689,writer0-msg6187
24757,140034247595584,1760733178,285824952,writer3-msg6178
24758,140034247595584,1760733178,285825237,writer3-msg6179
24759,140034255988288,1760733178,285933717,writer2-msg6170
24760,140034255988288,1760733178,285933897,writer2-msg6171
24761,140034264380992,1760733178,287100576,writer1-msg6220
24762,140034264380992,1760733178,287100835,writer1-msg6221
24763,140034272773696,1760733178,288121173,writer0-msg6188
24764,140034272773696,1760733178,288121487,writer0-msg6189
24765,140034247595584,1760733178,288910013,writer3-msg6180
24766,140034247595584,1760733178,288910228,writer3-msg6181
24767,140034255988288,1760733178,288999697,writer2-msg6172
24768,140034255988288,1760733178,288999885,writer2-msg6173
24769,140034264380992,1760733178,290194240,writer1-msg6222
24770,140034264380992,1760733178,290194497,writer1-msg6223
24771,140034272773696,1760733178,291235370,writer0-msg6190
24772,140034272773696,1760733178,291235728,writer0-msg6191
24773,140034247595584,1760733178,291986444,writer3-msg6182
24774,140034247595584,1760733178,291986695,writer3-msg6183
24775,140034255988288,1760733178,292067519,writer2-msg6174
24776,140034255988288,1760733178,292067699,writer2-msg6175
24777,140034264380992,1760733178,293287104,writer1-msg6224
24778,140034264380992,1760733178,293287415,writer1-msg6225
24779,140034272773696,1760733178,294331931,writer0-msg6192
24780,140034272773696,1760733178,294333236,writer0-msg6193
24781,140034247595584,1760733178,295056316,writer3-msg6184
24782,140034247595584,1760733178,295056531,writer3-msg6185
24783,140034255988288,1760733178,295134541,writer2-msg6176
24784,140034255988288,1760733178,295134850,writer2-msg6177
24785,140034264380992,1760733178,296395027,writer1-msg6226
24786,140034264380992,1760733178,296395393,writer1-msg6227
24787,140034272773696,1760733178,297409151,writer0-msg6194
24788,140034272773696,1760733178,297409350,writer0-msg6195
24789,140034247595584,1760733178,298128987,writer3-msg6186
24790,140034247595584,1760733178,298129294,writer3-msg6187
24791,140034255988288,1760733178,298207596,writer2-msg6178
24792,140034255988288,1760733178,298207798,writer2-msg6179
24793,140034264380992,1760733178,299461739,writer1-msg6228
24794,140034264380992,1760733178,299462009,writer1-msg6229
24795,140034272773696,1760733178,300477385,writer0-msg6196
24796,140034272773696,1760733178,300477591,writer0-msg6197
24797,140034247595584,1760733178,301255444,writer3-msg6188
24798,140034247595584,1760733178,301255819,writer3-msg6189
24799,140034255988288,1760733178,301279610,writer2-msg6180
24800,140034255988288,1760733178,301279886,writer2-msg6181
24801,140034264380992,1760733178,302527395,writer1-msg6230
24802,140034264380992,1760733178,302527626,writer1-msg6231
24803,140034272773696,1760733178,303544406,writer0-msg6198
24804,140034272773696,1760733178,303544683,writer0-msg6199
24805,140034247595584,1760733178,304347518,writer3-msg6190
24806,140034247595584,1760733178,304347817,writer3-msg6191
24807,140034255988288,1760733178,304371133,writer2-msg6182
24808,140034255988288,1760733178,304371406,writer2-msg6183
24809,140034264380992,1760733178,305591344,writer1-msg6232
24810,140034264380992,1760733178,305591618,writer1-msg6233
24811,140034272773696,1760733178,306620341,writer0-msg6200
24812,140034272773696,1760733178,306620549,writer0-msg6201
24813,140034247595584,1760733178,307446302,writer3-msg6192
24814,140034247595584,1760733178,307446650,writer3-msg6193
24815,140034255988288,1760733178,307555102,writer2-msg6184
24816,140034255988288,1760733178,307555378,writer2-msg6185
24817,140034264380992,1760733178,308657316,writer1-msg6234
24818,140034264380992,1760733178,308657534,writer1-msg6235
24819,140034272773696,1760733178,309731553,writer0-msg6202
24820,140034272773696,1760733178,309731825,writer0-msg6203
24821,140034247595584,1760733178,310591706,writer3-msg6194
24822,140034247595584,1760733178,310591965,writer3-msg6195
24823,140034255988288,1760733178,310632610,writer2-msg6186
24824,140034255988288,1760733178,310632820,writer2-msg6187
24825,140034264380992,1760733178,311729118,writer1-msg6236
24826,140034264380992,1760733178,311729407,writer1-msg6237
24827,140034272773696,1760733178,312892955,writer0-msg6204
24828,140034272773696,1760733178,312893197,writer0-msg6205
24829,140034247595584,1760733178,313676738,writer3-msg6196
24830,140034247595584,1760733178,313676964,writer3-msg6197
24831,140034255988288,1760733178,313701247,writer2-msg6188
24832,140034255988288,1760733178,313701510,writer2-msg6189
24833,140034264380992,1760733178,314793807,writer1-msg6238
24834,140034264380992,1760733178,314794064,writer1-msg6239
24835,140034272773696,1760733178,316065726,writer0-msg6206
24836,140034272773696,1760733178,316065985,writer0-msg6207
24837,140034247595584,1760733178,316769380,writer3-msg6198
24838,140034247595584,1760733178,316769662,writer3-msg6199
24839,140034255988288,1760733178,316894425,writer2-msg6190
24840,140034255988288,1760733178,316894653,writer2-msg6191
24841,140034264380992,1760733178,317904015,writer1-msg6240
24842,140034264380992,1760733178,317904236,writer1-msg6241
24843,140034272773696,1760733178,319265909,writer0-msg6208
24844,140034272773696,1760733178,319266163,writer0-msg6209
24845,140034247595584,1760733178,319872458,writer3-msg6200
24846,140034247595584,1760733178,319872677,writer3-msg6201
24847,140034255988288,1760733178,320071368,writer2-msg6192
24848,140034255988288,1760733178,320071548,writer2-msg6193
24849,140034264380992,1760733178,320966996,writer1-msg6242
24850,140034264380992,1760733178,320967295,writer1-msg6243
24851,140034272773696,1760733178,322416620,writer0-msg6210
24852,140034272773696,1760733178,322416875,writer0-msg6211
24853,140034247595584,1760733178,322962190,writer3-msg6202
24854,140034247595584,1760733178,322962352,writer3-msg6203
24855,140034255988288,1760733178,323139365,writer2-msg6194
24856,140034255988288,1760733178,323139528,writer2-msg6195
24857,140034264380992,1760733178,324077128,writer1-msg6244
24858,140034264380992,1760733178,324077390,writer1-msg6245
24859,140034272773696,1760733178,325579809,writer0-msg6212
24860,140034272773696,1760733178,325580050,writer0-msg6213
24861,140034247595584,1760733178,326060531,writer3-msg6204
24862,140034247595584,1760733178,326060808,writer3-msg6205
24863,140034255988288,1760733178,326204185,writer2-msg6196
24864,140034255988288,1760733178,326204341,writer2-msg6197
24865,140034264380992,1760733178,327141391,writer1-msg6246
24866,140034264380992,1760733178,327141648,writer1-msg6247
24867,140034272773696,1760733178,328739295,writer0-msg6214
24868,140034272773696,1760733178,328739571,writer0-msg6215
24869,140034247595584,1760733178,329147803,writer3-msg6206
24870,140034247595584,1760733178,329148067,writer3-msg6207
24871,140034255988288,1760733178,329267940,writer2-msg6198
24872,140034255988288,1760733178,329268101,writer2-msg6199
24873,140034264380992,1760733178,330238116,writer1-msg6248
24874,140034264380992,1760733178,330238349,writer1-msg6249
24875,140034272773696,1760733178,331896273,writer0-msg6216
24876,140034272773696,1760733178,331896521,writer0-msg6217
24877,140034247595584,1760733178,332245472,writer3-msg6208
24878,140034247595584,1760733178,332245735,writer3-msg6209
24879,140034255988288,1760733178,332332164,writer2-msg6200
24880,140034255988288,1760733178,332332327,writer2-msg6201
24881,140034264380992,1760733178,333338793,writer1-msg6250
24882,140034264380992,1760733178,333339092,writer1-msg6251
24883,140034272773696,1760733178,335106975,writer0-msg6218
24884,140034272773696,1760733178,335107313,writer0-msg6219
24885,140034247595584,1760733178,335337503,writer3-msg6210
24886,140034247595584,1760733178,335337690,writer3-msg6211
24887,140034255988288,1760733178,335403033,writer2-msg6202
24888,140034255988288,1760733178,335403313,writer2-msg6203
24889,140034264380992,1760733178,336427244,writer1-msg6252
24890,140034264380992,1760733178,336427465,writer1-msg6253
24891,140034272773696,1760733178,338197696,writer0-msg6220
24892,140034272773696,1760733178,338197939,writer0-msg6221
24893,140034247595584,1760733178,338457239,writer3-msg6212
24894,140034247595584,1760733178,338457473,writer3-msg6213
24895,140034255988288,1760733178,338553562,writer2-msg6204
24896,140034255988288,1760733178,338553797,writer2-msg6205
24897,140034264380992,1760733178,339521721,writer1-msg6254
24898,140034264380992,1760733178,339521952,writer1-msg6255
24899,140034272773696,1760733178,341370177,writer0-msg6222
24900,140034272773696,1760733178,341370428,writer0-msg6223
24901,140034247595584,1760733178,341542326,writer3-msg6214
24902,140034247595584,1760733178,341542579,writer3-msg6215
24903,140034255988288,1760733178,341681427,writer2-msg6206
24904,140034255988288,1760733178,341681593,writer2-msg6207
24905,140034264380992,1760733178,342611914,writer1-msg6256
24906,140034264380992,1760733178,342612170,writer1-msg6257
24907,140034272773696,1760733178,344528696,writer0-msg6224
24908,140034272773696,1760733178,344528942,writer0-msg6225
24909,140034247595584,1760733178,344635031,writer3-msg6216
24910,140034247595584,1760733178,344635294,writer3-msg6217
24911,140034255988288,1760733178,344748000,writer2-msg6208
24912,140034255988288,1760733178,344748172,writer2-msg6209
24913,140034264380992,1760733178,345697780,writer1-msg6258
24914,140034264380992,1760733178,345698065,writer1-msg6259
24915,140034272773696,1760733178,347691562,writer0-msg6226
24916,140034272773696,1760733178,347691794,writer0-msg6227
24917,140034247595584,1760733178,347719038,writer3-msg6218
24918,140034247595584,1760733178,347719293,writer3-msg6219
24919,140034255988288,1760733178,347811401,writer2-msg6210
24920,140034255988288,1760733178,347811568,writer2-msg6211
24921,140034264380992,1760733178,348776097,writer1-msg6260
24922,140034264380992,1760733178,348776345,writer1-msg6261
24923,140034247595584,1760733178,350803598,writer3-msg6220
24924,140034247595584,1760733178,350803866,writer3-msg6221
24925,140034272773696,1760733178,350838574,writer0-msg6228
24926,140034272773696,1760733178,350838783,writer0-msg6229
24927,140034255988288,1760733178,350877181,writer2-msg6212
24928,140034255988288,1760733178,350877339,writer2-msg6213
24929,140034264380992,1760733178,351840411,writer1-msg6262
24930,140034264380992,1760733178,351840678,writer1-msg6263
24931,140034247595584,1760733178,353886053,writer3-msg6222
24932,140034247595584,1760733178,353886286,writer3-msg6223
24933,140034272773696,1760733178,353920894,writer0-msg6230
24934,140034272773696,1760733178,353921085,writer0-msg6231
24935,140034255988288,1760733178,353954152,writer2-msg6214
24936,140034255988288,1760733178,353954364,writer2-msg6215
24937,140034264380992,1760733178,354919132,writer1-msg6264
24938,140034264380992,1760733178,354919362,writer1-msg6265
24939,140034255988288,1760733178,357028570,writer2-msg6216
24940,140034255988288,1760733178,357028859,writer2-msg6217
24941,140034272773696,1760733178,357082110,writer0-msg6232
24942,140034272773696,1760733178,357082603,writer0-msg6233
24943,140034247595584,1760733178,357084617,writer3-msg6224
24944,140034247595584,1760733178,357084794,writer3-msg6225
24945,140034264380992,1760733178,358071512,writer1-msg6266
24946,140034264380992,1760733178,358071732,writer1-msg6267
24947,140034255988288,1760733178,360118174,writer2-msg6218
24948,140034255988288,1760733178,360118483,writer2-msg6219
24949,140034247595584,1760733178,360150708,writer3-msg6226
24950,140034247595584,1760733178,360150972,writer3-msg6227
24951,140034272773696,1760733178,360261601,writer0-msg6234
24952,140034272773696,1760733178,360261825,writer0-msg6235
24953,140034264380992,1760733178,361148668,writer1-msg6268
24954,140034264380992,1760733178,361148854,writer1-msg6269
24955,140034255988288,1760733178,363235791,writer2-msg6220
24956,140034255988288,1760733178,363236112,writer2-msg6221
24957,140034272773696,1760733178,363354942,writer0-msg6236
24958,140034272773696,1760733178,363355197,writer0-msg6237
24959,140034247595584,1760733178,363360011,writer3-msg6228
24960,140034247595584,1760733178,363360258,writer3-msg6229
24961,140034264380992,1760733178,364244934,writer1-msg6270
24962,140034264380992,1760733178,364245262,writer1-msg6271
24963,140034255988288,1760733178,366318031,writer2-msg6222
24964,140034255988288,1760733178,366318335,writer2-msg6223
24965,140034247595584,1760733178,366502797,writer3-msg6230
24966,140034247595584,1760733178,366502961,writer3-msg6231
24967,140034272773696,1760733178,366506891,writer0-msg6238
24968,140034272773696,1760733178,366507104,writer0-msg6239
24969,140034264380992,1760733178,367328112,writer1-msg6272
24970,140034264380992,1760733178,367328349,writer1-msg6273
24971,140034255988288,1760733178,369419871,writer2-msg6224
24972,140034255988288,1760733178,369420125,writer2-msg6225
24973,140034247595584,1760733178,369567450,writer3-msg6232
24974,140034247595584,1760733178,369567602,writer3-msg6233
24975,140034272773696,1760733178,369663524,writer0-msg6240
24976,140034272773696,1760733178,369663730,writer0-msg6241
24977,140034264380992,1760733178,370403391,writer1-msg6274
24978,140034264380992,1760733178,370403591,writer1-msg6275
24979,140034255988288,1760733178,372509574,writer2-msg6226
24980,140034255988288,1760733178,372509912,writer2-msg6227
24981,140034247595584,1760733178,372640855,writer3-msg6234
24982,140034247595584,1760733178,372641018,writer3-msg6235
24983,140034272773696,1760733178,372817837,writer0-msg6242
24984,140034272773696,1760733178,372818176,writer0-msg6243
24985,140034264380992,1760733178,373469966,writer1-msg6276
24986,140034264380992,1760733178,373470148,writer1-msg6277
24987,140034255988288,1760733178,375601768,writer2-msg6228
24988,140034255988288,1760733178,375602066,writer2-msg6229
24989,140034247595584,1760733178,375707122,writer3-msg6236
24990,140034247595584,1760733178,375707276,writer3-msg6237
24991,140034272773696,1760733178,375882217,writer0-msg6244
24992,140034272773696,1760733178,375882478,writer0-msg6245
24993,140034264380992,1760733178,376553607,writer1-msg6278
24994,140034264380992,1760733178,376553898,writer1-msg6279
24995,140034255988288,1760733178,378684485,writer2-msg6230
24996,140034255988288,1760733178,378684784,writer2-msg6231
24997,140034247595584,1760733178,378770897,writer3-msg6238
24998,140034247595584,1760733178,378771061,writer3-msg6239
24999,140034272773696,1760733178,378944958,writer0-msg6246
25000,140034272773696,1760733178,378945127,writer0-msg6247
25001,140034264380992,1760733178,379619842,writer1-msg6280
25002,140034264380992,1760733178,379620024,writer1-msg6281
25003,140034255988288,1760733178,381773947,writer2-msg6232
25004,140034255988288,1760733178,381774154,writer2-msg6233
25005,140034247595584,1760733178,381835744,writer3-msg6240
25006,140034247595584,1760733178,381835896,writer3-msg6241
25007,140034272773696,1760733178,382009349,writer0-msg6248
25008,140034272773696,1760733178,382009595,writer0-msg6249
25009,140034264380992,1760733178,382724604,writer1-msg6282
25010,140034264380992,1760733178,382724932,writer1-msg6283
25011,140034255988288,1760733178,384874982,writer2-msg6234
25012,140034255988288,1760733178,384875224,writer2-msg6235
25013,140034247595584,1760733178,384899938,writer3-msg6242
25014,140034247595584,1760733178,384900264,writer3-msg6243
25015,140034272773696,1760733178,385078007,writer0-msg6250
25016,140034272773696,1760733178,385078282,writer0-msg6251
25017,140034264380992,1760733178,385791892,writer1-msg6284
25018,140034264380992,1760733178,385792154,writer1-msg6285
25019,140034255988288,1760733178,387940967,writer2-msg6236
25020,140034255988288,1760733178,387941203,writer2-msg6237
25021,140034247595584,1760733178,387967762,writer3-msg6244
25022,140034247595584,1760733178,387967919,writer3-msg6245
25023,140034272773696,1760733178,388223976,writer0-msg6252
25024,140034272773696,1760733178,388224261,writer0-msg6253
25025,140034264380992,1760733178,388858841,writer1-msg6286
25026,140034264380992,1760733178,388859086,writer1-msg6287
25027,140034255988288,1760733178,391022924,writer2-msg6238
25028,140034255988288,1760733178,391023244,writer2-msg6239
25029,140034247595584,1760733178,391129939,writer3-msg6246
25030,140034247595584,1760733178,391130158,writer3-msg6247
25031,140034272773696,1760733178,391300396,writer0-msg6254
25032,140034272773696,1760733178,391300619,writer0-msg6255
25033,140034264380992,1760733178,391923952,writer1-msg6288
25034,140034264380992,1760733178,391924182,writer1-msg6289
25035,140034255988288,1760733178,394109567,writer2-msg6240
25036,140034255988288,1760733178,394110189,writer2-msg6241
25037,140034247595584,1760733178,394283651,writer3-msg6248
25038,140034247595584,1760733178,394283904,writer3-msg6249
25039,140034272773696,1760733178,394454453,writer0-msg6256
25040,140034272773696,1760733178,394454674,writer0-msg6257
25041,140034264380992,1760733178,394988769,writer1-msg6290
25042,140034264380992,1760733178,394989109,writer1-msg6291
25043,140034255988288,1760733178,397269023,writer2-msg6242
25044,140034255988288,1760733178,397269291,writer2-msg6243
25045,140034247595584,1760733178,397350586,writer3-msg6250
25046,140034247595584,1760733178,397350851,writer3-msg6251
25047,140034272773696,1760733178,397579164,writer0-msg6258
25048,140034272773696,1760733178,397579382,writer0-msg6259
25049,140034264380992,1760733178,398052882,writer1-msg6292
25050,140034264380992,1760733178,398053049,writer1-msg6293
25051,140034255988288,1760733178,400363768,writer2-msg6244
25052,140034255988288,1760733178,400364032,writer2-msg6245
25053,140034247595584,1760733178,400416503,writer3-msg6252
25054,140034247595584,1760733178,400416838,writer3-msg6253
25055,140034272773696,1760733178,400770029,writer0-msg6260
25056,140034272773696,1760733178,400770263,writer0-msg6261
25057,140034264380992,1760733178,401116686,writer1-msg6294
25058,140034264380992,1760733178,401116926,writer1-msg6295
25059,140034255988288,1760733178,403435212,writer2-msg6246
25060,140034255988288,1760733178,403435466,writer2-msg6247
25061,140034247595584,1760733178,403503074,writer3-msg6254
25062,140034247595584,1760733178,403503236,writer3-msg6255
25063,140034272773696,1760733178,403969373,writer0-msg6262
25064,140034272773696,1760733178,403969605,writer0-msg6263
25065,140034264380992,1760733178,404186585,writer1-msg6296
25066,140034264380992,1760733178,404186873,writer1-msg6297
25067,140034255988288,1760733178,406535410,writer2-msg6248
25068,140034255988288,1760733178,406535746,writer2-msg6249
25069,140034247595584,1760733178,406567603,writer3-msg6256
25070,140034247595584,1760733178,406567799,writer3-msg6257
25071,140034272773696,1760733178,407106550,writer0-msg6264
25072,140034272773696,1760733178,407106778,writer0-msg6265
25073,140034264380992,1760733178,407250226,writer1-msg6298
25074,140034264380992,1760733178,407250462,writer1-msg6299
25075,140034255988288,1760733178,409599477,writer2-msg6250
25076,140034255988288,1760733178,409599783,writer2-msg6251
25077,140034247595584,1760733178,409633311,writer3-msg6258
25078,140034247595584,1760733178,409633564,writer3-msg6259
25079,140034272773696,1760733178,410184178,writer0-msg6266
25080,140034272773696,1760733178,410184404,writer0-msg6267
25081,140034264380992,1760733178,410487201,writer1-msg6300
25082,140034264380992,1760733178,410487457,writer1-msg6301
25083,140034255988288,1760733178,412687796,writer2-msg6252
25084,140034255988288,1760733178,412688099,writer2-msg6253
25085,140034247595584,1760733178,412799162,writer3-msg6260
25086,140034247595584,1760733178,412799384,writer3-msg6261
25087,140034272773696,1760733178,413346276,writer0-msg6268
25088,140034272773696,1760733178,413346505,writer0-msg6269
25089,140034264380992,1760733178,413641102,writer1-msg6302
25090,140034264380992,1760733178,413641339,writer1-msg6303
25091,140034255988288,1760733178,415771158,writer2-msg6254
25092,140034255988288,1760733178,415771476,writer2-msg6255
25093,140034247595584,1760733178,415944125,writer3-msg6262
25094,140034247595584,1760733178,415944282,writer3-msg6263
25095,140034272773696,1760733178,416502098,writer0-msg6270
25096,140034272773696,1760733178,416502343,writer0-msg6271
25097,140034264380992,1760733178,416778935,writer1-msg6304
25098,140034264380992,1760733178,416779162,writer1-msg6305
25099,140034255988288,1760733178,418873907,writer2-msg6256
25100,140034255988288,1760733178,418874159,writer2-msg6257
25101,140034247595584,1760733178,419016811,writer3-msg6264
25102,140034247595584,1760733178,419017007,writer3-msg6265
25103,140034272773696,1760733178,419721283,writer0-msg6272
25104,140034272773696,1760733178,419721635,writer0-msg6273
25105,140034264380992,1760733178,419845881,writer1-msg6306
25106,140034264380992,1760733178,419846147,writer1-msg6307
25107,140034255988288,1760733178,421981030,writer2-msg6258
25108,140034255988288,1760733178,421981322,writer2-msg6259
25109,140034247595584,1760733178,422082725,writer3-msg6266
25110,140034247595584,1760733178,422082892,writer3-msg6267
25111,140034272773696,1760733178,422818311,writer0-msg6274
25112,140034272773696,1760733178,422818565,writer0-msg6275
25113,140034264380992,1760733178,422911169,writer1-msg6308
25114,140034264380992,1760733178,422911425,writer1-msg6309
25115,140034255988288,1760733178,425064408,writer2-msg6260
25116,140034255988288,1760733178,425064720,writer2-msg6261
25117,140034247595584,1760733178,425147089,writer3-msg6268
25118,140034247595584,1760733178,425147242,writer3-msg6269
25119,140034272773696,1760733178,425914236,writer0-msg6276
25120,140034272773696,1760733178,425914518,writer0-msg6277
25121,140034264380992,1760733178,425975239,writer1-msg6310
25122,140034264380992,1760733178,425975494,writer1-msg6311
25123,140034255988288,1760733178,428147370,writer2-msg6262
25124,140034255988288,1760733178,428147662,writer2-msg6263
25125,140034247595584,1760733178,428212602,writer3-msg6270
25126,140034247595584,1760733178,428212767,writer3-msg6271
25127,140034272773696,1760733178,428998324,writer0-msg6278
25128,140034272773696,1760733178,428998552,writer0-msg6279
25129,140034264380992,1760733178,429039270,writer1-msg6312
25130,140034264380992,1760733178,429039490,writer1-msg6313
25131,140034255988288,1760733178,431228583,writer2-msg6264
25132,140034255988288,1760733178,431228859,writer2-msg6265
25133,140034247595584,1760733178,431275919,writer3-msg6272
25134,140034247595584,1760733178,431276097,writer3-msg6273
25135,140034272773696,1760733178,432113574,writer0-msg6280
25136,140034272773696,1760733178,432113820,writer0-msg6281
25137,140034264380992,1760733178,432123557,writer1-msg6314
25138,140034264380992,1760733178,432123816,writer1-msg6315
25139,140034255988288,1760733178,434344034,writer2-msg6266
25140,140034255988288,1760733178,434344268,writer2-msg6267
25141,140034247595584,1760733178,434446151,writer3-msg6274
25142,140034247595584,1760733178,434446771,writer3-msg6275
25143,140034264380992,1760733178,435232901,writer1-msg6316
25144,140034264380992,1760733178,435233177,writer1-msg6317
25145,140034272773696,1760733178,435311595,writer0-msg6282
25146,140034272773696,1760733178,435311817,writer0-msg6283
25147,140034255988288,1760733178,437438195,writer2-msg6268
25148,140034255988288,1760733178,437438487,writer2-msg6269
25149,140034247595584,1760733178,437606922,writer3-msg6276
25150,140034247595584,1760733178,437607079,writer3-msg6277
25151,140034264380992,1760733178,438297306,writer1-msg6318
25152,140034264380992,1760733178,438297534,writer1-msg6319
25153,140034272773696,1760733178,438467849,writer0-msg6284
25154,140034272773696,1760733178,438468061,writer0-msg6285
25155,140034255988288,1760733178,440532899,writer2-msg6270
25156,140034255988288,1760733178,440533129,writer2-msg6271
25157,140034247595584,1760733178,440671839,writer3-msg6278
25158,140034247595584,1760733178,440672000,writer3-msg6279
25159,140034264380992,1760733178,441403342,writer1-msg6320
25160,140034264380992,1760733178,441403596,writer1-msg6321
25161,140034272773696,1760733178,441629765,writer0-msg6286
25162,140034272773696,1760733178,441629988,writer0-msg6287
25163,140034255988288,1760733178,443595993,writer2-msg6272
25164,140034255988288,1760733178,443596273,writer2-msg6273
25165,140034247595584,1760733178,443735935,writer3-msg6280
25166,140034247595584,1760733178,443736136,writer3-msg6281
25167,140034264380992,1760733178,444466544,writer1-msg6322
25168,140034264380992,1760733178,444466870,writer1-msg6323
25169,140034272773696,1760733178,444775742,writer0-msg6288
25170,140034272773696,1760733178,444775955,writer0-msg6289
25171,140034255988288,1760733178,446660677,writer2-msg6274
25172,140034255988288,1760733178,446660924,writer2-msg6275
25173,140034247595584,1760733178,446801698,writer3-msg6282
25174,140034247595584,1760733178,446801862,writer3-msg6283
25175,140034264380992,1760733178,447547349,writer1-msg6324
25176,140034264380992,1760733178,447547685,writer1-msg6325
25177,140034272773696,1760733178,447858658,writer0-msg6290
25178,140034272773696,1760733178,447858828,writer0-msg6291
25179,140034255988288,1760733178,449765848,writer2-msg6276
25180,140034255988288,1760733178,449766141,writer2-msg6277
25181,140034247595584,1760733178,449869282,writer3-msg6284
25182,140034247595584,1760733178,449869448,writer3-msg6285
25183,140034264380992,1760733178,450648017,writer1-msg6326
25184,140034264380992,1760733178,450648323,writer1-msg6327
25185,140034272773696,1760733178,451040398,writer0-msg6292
25186,140034272773696,1760733178,451040626,writer0-msg6293
25187,140034255988288,1760733178,452846213,writer2-msg6278
25188,140034255988288,1760733178,452846585,writer2-msg6279
25189,140034247595584,1760733178,452957825,writer3-msg6286
25190,140034247595584,1760733178,452958158,writer3-msg6287
25191,140034264380992,1760733178,453738016,writer1-msg6328
25192,140034264380992,1760733178,453738260,writer1-msg6329
25193,140034272773696,1760733178,454205121,writer0-msg6294
25194,140034272773696,1760733178,454205301,writer0-msg6295
25195,140034255988288,1760733178,455955932,writer2-msg6280
25196,140034255988288,1760733178,455956202,writer2-msg6281
25197,140034247595584,1760733178,456122247,writer3-msg6288
25198,140034247595584,1760733178,456122399,writer3-msg6289
25199,140034264380992,1760733178,456850020,writer1-msg6330
25200,140034264380992,1760733178,456850283,writer1-msg6331
25201,140034272773696,1760733178,457325196,writer0-msg6296
25202,140034272773696,1760733178,457325421,writer0-msg6297
25203,140034255988288,1760733178,459149611,writer2-msg6282
25204,140034255988288,1760733178,459150243,writer2-msg6283
25205,140034247595584,1760733178,459234612,writer3-msg6290
25206,140034247595584,1760733178,459235139,writer3-msg6291
25207,140034264380992,1760733178,459957640,writer1-msg6332
25208,140034264380992,1760733178,459957989,writer1-msg6333
25209,140034272773696,1760733178,460548952,writer0-msg6298
25210,140034272773696,1760733178,460549194,writer0-msg6299
25211,140034255988288,1760733178,462288309,writer2-msg6284
25212,140034255988288,1760733178,462288536,writer2-msg6285
25213,140034247595584,1760733178,462372229,writer3-msg6292
25214,140034247595584,1760733178,462372439,writer3-msg6293
25215,140034264380992,1760733178,463037167,writer1-msg6334
25216,140034264380992,1760733178,463037420,writer1-msg6335
25217,140034272773696,1760733178,463705880,writer0-msg6300
25218,140034272773696,1760733178,463706116,writer0-msg6301
25219,140034255988288,1760733178,465491264,writer2-msg6286
25220,140034255988288,1760733178,465491547,writer2-msg6287
25221,140034247595584,1760733178,465579220,writer3-msg6294
25222,140034247595584,1760733178,465579380,writer3-msg6295
25223,140034264380992,1760733178,466123331,writer1-msg6336
25224,140034264380992,1760733178,466123636,writer1-msg6337
25225,140034272773696,1760733178,466867735,writer0-msg6302
25226,140034272773696,1760733178,466867970,writer0-msg6303
25227,140034247595584,1760733178,468648036,writer3-msg6296
25228,140034247595584,1760733178,468648257,writer3-msg6297
25229,140034255988288,1760733178,468721773,writer2-msg6288
25230,140034255988288,1760733178,468722311,writer2-msg6289
25231,140034264380992,1760733178,469240976,writer1-msg6338
25232,140034264380992,1760733178,469241133,writer1-msg6339
25233,140034272773696,1760733178,470141113,writer0-msg6304
25234,140034272773696,1760733178,470141331,writer0-msg6305
25235,140034247595584,1760733178,471720817,writer3-msg6298
25236,140034247595584,1760733178,471721034,writer3-msg6299
25237,140034255988288,1760733178,471886063,writer2-msg6290
25238,140034255988288,1760733178,471886227,writer2-msg6291
25239,140034264380992,1760733178,472349500,writer1-msg6340
25240,140034264380992,1760733178,472349784,writer1-msg6341
25241,140034272773696,1760733178,473219588,writer0-msg6306
25242,140034272773696,1760733178,473219803,writer0-msg6307
25243,140034247595584,1760733178,474823300,writer3-msg6300
25244,140034247595584,1760733178,474823592,writer3-msg6301
25245,140034255988288,1760733178,474951759,writer2-msg6292
25246,140034255988288,1760733178,474951919,writer2-msg6293
25247,140034264380992,1760733178,475422993,writer1-msg6342
25248,140034264380992,1760733178,475423279,writer1-msg6343
25249,140034272773696,1760733178,476293322,writer0-msg6308
25250,140034272773696,1760733178,476293570,writer0-msg6309
25251,140034247595584,1760733178,477890770,writer3-msg6302
25252,140034247595584,1760733178,477891021,writer3-msg6303
25253,140034255988288,1760733178,478017650,writer2-msg6294
25254,140034255988288,1760733178,478017811,writer2-msg6295
25255,140034264380992,1760733178,478629255,writer1-msg6344
25256,140034264380992,1760733178,478629730,writer1-msg6345
25257,140034272773696,1760733178,479443437,writer0-msg6310
25258,140034272773696,1760733178,479443673,writer0-msg6311
25259,140034247595584,1760733178,480985973,writer3-msg6304
25260,140034247595584,1760733178,480986220,writer3-msg6305
25261,140034255988288,1760733178,481085909,writer2-msg6296
25262,140034255988288,1760733178,481086080,writer2-msg6297
25263,140034264380992,1760733178,481719249,writer1-msg6346
25264,140034264380992,1760733178,481719540,writer1-msg6347
25265,140034272773696,1760733178,482578515,writer0-msg6312
25266,140034272773696,1760733178,482578725,writer0-msg6313
25267,140034247595584,1760733178,484082146,writer3-msg6306
25268,140034247595584,1760733178,484082441,writer3-msg6307
25269,140034255988288,1760733178,484158842,writer2-msg6298
25270,140034255988288,1760733178,484159023,writer2-msg6299
25271,140034264380992,1760733178,484820219,writer1-msg6348
25272,140034264380992,1760733178,484821471,writer1-msg6349
25273,140034272773696,1760733178,485656982,writer0-msg6314
25274,140034272773696,1760733178,485657247,writer0-msg6315
25275,140034247595584,1760733178,487165764,writer3-msg6308
25276,140034247595584,1760733178,487166048,writer3-msg6309
25277,140034255988288,1760733178,487221767,writer2-msg6300
25278,140034255988288,1760733178,487221937,writer2-msg6301
25279,140034264380992,1760733178,487908916,writer1-msg6350
25280,140034264380992,1760733178,487909213,writer1-msg6351
25281,140034272773696,1760733178,488835226,writer0-msg6316
25282,140034272773696,1760733178,488835536,writer0-msg6317
25283,140034247595584,1760733178,490262144,writer3-msg6310
25284,140034247595584,1760733178,490262457,writer3-msg6311
25285,140034255988288,1760733178,490287380,writer2-msg6302
25286,140034255988288,1760733178,490287544,writer2-msg6303
25287,140034264380992,1760733178,490997389,writer1-msg6352
25288,140034264380992,1760733178,490997660,writer1-msg6353
25289,140034272773696,1760733178,491981878,writer0-msg6318
25290,140034272773696,1760733178,491982087,writer0-msg6319
25291,140034247595584,1760733178,493364431,writer3-msg6312
25292,140034247595584,1760733178,493364710,writer3-msg6313
25293,140034255988288,1760733178,493449078,writer2-msg6304
25294,140034255988288,1760733178,493449296,writer2-msg6305
25295,140034264380992,1760733178,494083969,writer1-msg6354
25296,140034264380992,1760733178,494084210,writer1-msg6355
25297,140034272773696,1760733178,495093108,writer0-msg6320
25298,140034272773696,1760733178,495093311,writer0-msg6321
25299,140034247595584,1760733178,496475065,writer3-msg6314
25300,140034247595584,1760733178,496475373,writer3-msg6315
25301,140034255988288,1760733178,496592913,writer2-msg6306
25302,140034255988288,1760733178,496593082,writer2-msg6307
25303,140034264380992,1760733178,497185140,writer1-msg6356
25304,140034264380992,1760733178,497185476,writer1-msg6357
25305,140034272773696,1760733178,498190480,writer0-msg6322
25306,140034272773696,1760733178,498190804,writer0-msg6323
25307,140034247595584,1760733178,499575948,writer3-msg6316
25308,140034247595584,1760733178,499576120,writer3-msg6317
25309,140034255988288,1760733178,499657435,writer2-msg6308
25310,140034255988288,1760733178,499657704,writer2-msg6309
25311,140034264380992,1760733178,500287546,writer1-msg6358
25312,140034264380992,1760733178,500287716,writer1-msg6359
25313,140034272773696,1760733178,501373145,writer0-msg6324
25314,140034272773696,1760733178,501373548,writer0-msg6325
25315,140034247595584,1760733178,502662171,writer3-msg6318
25316,140034247595584,1760733178,502662462,writer3-msg6319
25317,140034255988288,1760733178,502723854,writer2-msg6310
25318,140034255988288,1760733178,502724021,writer2-msg6311
25319,140034264380992,1760733178,503424424,writer1-msg6360
25320,140034264380992,1760733178,503424690,writer1-msg6361
25321,140034272773696,1760733178,504526180,writer0-msg6326
25322,140034272773696,1760733178,504526413,writer0-msg6327
25323,140034247595584,1760733178,505747265,writer3-msg6320
25324,140034247595584,1760733178,505747538,writer3-msg6321
25325,140034255988288,1760733178,505787607,writer2-msg6312
25326,140034255988288,1760733178,505787781,writer2-msg6313
25327,140034264380992,1760733178,506489840,writer1-msg6362
25328,140034264380992,1760733178,506490088,writer1-msg6363
25329,140034272773696,1760733178,507638791,writer0-msg6328
25330,140034272773696,1760733178,507639024,writer0-msg6329
25331,140034247595584,1760733178,508832698,writer3-msg6322
25332,140034247595584,1760733178,508832931,writer3-msg6323
25333,140034255988288,1760733178,508854928,writer2-msg6314
25334,140034255988288,1760733178,508855098,writer2-msg6315
25335,140034264380992,1760733178,509746464,writer1-msg6364
25336,140034264380992,1760733178,509747085,writer1-msg6365
25337,140034272773696,1760733178,510868600,writer0-msg6330
25338,140034272773696,1760733178,510869483,writer0-msg6331
25339,140034247595584,1760733178,511928615,writer3-msg6324
25340,140034247595584,1760733178,511928891,writer3-msg6325
25341,140034255988288,1760733178,512018833,writer2-msg6316
25342,140034255988288,1760733178,512019053,writer2-msg6317
25343,140034264380992,1760733178,512833610,writer1-msg6366
25344,140034264380992,1760733178,512833853,writer1-msg6367
25345,140034272773696,1760733178,514028857,writer0-msg6332
25346,140034272773696,1760733178,514029104,writer0-msg6333
25347,140034247595584,1760733178,515020071,writer3-msg6326
25348,140034247595584,1760733178,515020401,writer3-msg6327
25349,140034255988288,1760733178,515169323,writer2-msg6318
25350,140034255988288,1760733178,515169488,writer2-msg6319
25351,140034264380992,1760733178,515932197,writer1-msg6368
25352,140034264380992,1760733178,515932451,writer1-msg6369
25353,140034272773696,1760733178,517184549,writer0-msg6334
25354,140034272773696,1760733178,517184790,writer0-msg6335
25355,140034247595584,1760733178,518109722,writer3-msg6328
25356,140034247595584,1760733178,518109976,writer3-msg6329
25357,140034255988288,1760733178,518233899,writer2-msg6320
25358,140034255988288,1760733178,518234051,writer2-msg6321
25359,140034264380992,1760733178,518995993,writer1-msg6370
25360,140034264380992,1760733178,518996234,writer1-msg6371
25361,140034272773696,1760733178,520346133,writer0-msg6336
25362,140034272773696,1760733178,520346386,writer0-msg6337
25363,140034247595584,1760733178,521206257,writer3-msg6330
25364,140034247595584,1760733178,521206519,writer3-msg6331
25365,140034255988288,1760733178,521298350,writer2-msg6322
25366,140034255988288,1760733178,521298509,writer2-msg6323
25367,140034264380992,1760733178,522094974,writer1-msg6372
25368,140034264380992,1760733178,522095250,writer1-msg6373
25369,140034272773696,1760733178,523539335,writer0-msg6338
25370,140034272773696,1760733178,523539564,writer0-msg6339
25371,140034247595584,1760733178,524293221,writer3-msg6332
25372,140034247595584,1760733178,524293529,writer3-msg6333
25373,140034255988288,1760733178,524362500,writer2-msg6324
25374,140034255988288,1760733178,524362689,writer2-msg6325
25375,140034264380992,1760733178,525157940,writer1-msg6374
25376,140034264380992,1760733178,525158198,writer1-msg6375
25377,140034272773696,1760733178,526789824,writer0-msg6340
25378,140034272773696,1760733178,526790057,writer0-msg6341
25379,140034247595584,1760733178,527386622,writer3-msg6334
25380,140034247595584,1760733178,527386864,writer3-msg6335
25381,140034255988288,1760733178,527429453,writer2-msg6326
25382,140034255988288,1760733178,527429632,writer2-msg6327
25383,140034264380992,1760733178,528223811,writer1-msg6376
25384,140034264380992,1760733178,528224067,writer1-msg6377
25385,140034272773696,1760733178,529949347,writer0-msg6342
25386,140034272773696,1760733178,529949580,writer0-msg6343
25387,140034247595584,1760733178,530472792,writer3-msg6336
25388,140034247595584,1760733178,530473076,writer3-msg6337
25389,140034255988288,1760733178,530671381,writer2-msg6328
25390,140034255988288,1760733178,530671607,writer2-msg6329
25391,140034264380992,1760733178,531372915,writer1-msg6378
25392,140034264380992,1760733178,531373233,writer1-msg6379
25393,140034272773696,1760733178,533110343,writer0-msg6344
25394,140034272773696,1760733178,533110598,writer0-msg6345
25395,140034247595584,1760733178,533556656,writer3-msg6338
25396,140034247595584,1760733178,533556924,writer3-msg6339
25397,140034255988288,1760733178,533824177,writer2-msg6330
25398,140034255988288,1760733178,533824341,writer2-msg6331
25399,140034264380992,1760733178,534445540,writer1-msg6380
25400,140034264380992,1760733178,534445804,writer1-msg6381
25401,140034272773696,1760733178,536269492,writer0-msg6346
25402,140034272773696,1760733178,536269794,writer0-msg6347
25403,140034247595584,1760733178,536622718,writer3-msg6340
25404,140034247595584,1760733178,536622950,writer3-msg6341
25405,140034255988288,1760733178,536889314,writer2-msg6332
25406,140034255988288,1760733178,536889476,writer2-msg6333
25407,140034264380992,1760733178,537510573,writer1-msg6382
25408,140034264380992,1760733178,537510845,writer1-msg6383
25409,140034272773696,1760733178,539414628,writer0-msg6348
25410,140034272773696,1760733178,539414870,writer0-msg6349
25411,140034247595584,1760733178,539705663,writer3-msg6342
25412,140034247595584,1760733178,539705921,writer3-msg6343
25413,140034255988288,1760733178,539954447,writer2-msg6334
25414,140034255988288,1760733178,539954613,writer2-msg6335
25415,140034264380992,1760733178,540587643,writer1-msg6384
25416,140034264380992,1760733178,540587823,writer1-msg6385
25417,140034272773696,1760733178,542555501,writer0-msg6350
25418,140034272773696,1760733178,542555739,writer0-msg6351
25419,140034247595584,1760733178,542781264,writer3-msg6344
25420,140034247595584,1760733178,542781532,writer3-msg6345
25421,140034255988288,1760733178,543021427,writer2-msg6336
25422,140034255988288,1760733178,543021663,writer2-msg6337
25423,140034264380992,1760733178,543652409,writer1-msg6386
25424,140034264380992,1760733178,543652730,writer1-msg6387
25425,140034272773696,1760733178,545721709,writer0-msg6352
25426,140034272773696,1760733178,545721930,writer0-msg6353
25427,140034247595584,1760733178,545865820,writer3-msg6346
25428,140034247595584,1760733178,545866067,writer3-msg6347
25429,140034255988288,1760733178,546085915,writer2-msg6338
25430,140034255988288,1760733178,546086091,writer2-msg6339
25431,140034264380992,1760733178,546752214,writer1-msg6388
25432,140034264380992,1760733178,546752470,writer1-msg6389
25433,140034272773696,1760733178,548801706,writer0-msg6354
25434,140034272773696,1760733178,548802007,writer0-msg6355
25435,140034247595584,1760733178,548930825,writer3-msg6348
25436,140034247595584,1760733178,548931109,writer3-msg6349
25437,140034255988288,1760733178,549150078,writer2-msg6340
25438,140034255988288,1760733178,549150232,writer2-msg6341
25439,140034264380992,1760733178,549849579,writer1-msg6390
25440,140034264380992,1760733178,549849781,writer1-msg6391
25441,140034272773696,1760733178,551990087,writer0-msg6356
25442,140034272773696,1760733178,551990310,writer0-msg6357
25443,140034247595584,1760733178,552021335,writer3-msg6350
25444,140034247595584,1760733178,552021604,writer3-msg6351
25445,140034255988288,1760733178,552213742,writer2-msg6342
25446,140034255988288,1760733178,552213900,writer2-msg6343
25447,140034264380992,1760733178,552912491,writer1-msg6392
25448,140034264380992,1760733178,552912838,writer1-msg6393
25449,140034247595584,1760733178,555104825,writer3-msg6352
25450,140034247595584,1760733178,555105153,writer3-msg6353
25451,140034272773696,1760733178,555134300,writer0-msg6358
25452,140034272773696,1760733178,555134528,writer0-msg6359
25453,140034255988288,1760733178,555276807,writer2-msg6344
25454,140034255988288,1760733178,555277018,writer2-msg6345
25455,140034264380992,1760733178,556124664,writer1-msg6394
25456,140034264380992,1760733178,556124877,writer1-msg6395
25457,140034247595584,1760733178,558195547,writer3-msg6354
25458,140034247595584,1760733178,558195809,writer3-msg6355
25459,140034272773696,1760733178,558271133,writer0-msg6360
25460,140034272773696,1760733178,558271365,writer0-msg6361
25461,140034255988288,1760733178,558343148,writer2-msg6346
25462,140034255988288,1760733178,558343764,writer2-msg6347
25463,140034264380992,1760733178,559199394,writer1-msg6396
25464,140034264380992,1760733178,559199631,writer1-msg6397
25465,140034247595584,1760733178,561290870,writer3-msg6356
25466,140034247595584,1760733178,561291125,writer3-msg6357
25467,140034255988288,1760733178,561410383,writer2-msg6348
25468,140034255988288,1760733178,561410537,writer2-msg6349
25469,140034272773696,1760733178,561436847,writer0-msg6362
25470,140034272773696,1760733178,561437073,writer0-msg6363
25471,140034264380992,1760733178,562371759,writer1-msg6398
25472,140034264380992,1760733178,562372085,writer1-msg6399
25473,140034247595584,1760733178,564375773,writer3-msg6358
25474,140034247595584,1760733178,564376074,writer3-msg6359
25475,140034255988288,1760733178,564475913,writer2-msg6350
25476,140034255988288,1760733178,564476075,writer2-msg6351
25477,140034272773696,1760733178,564579817,writer0-msg6364
25478,140034272773696,1760733178,564580063,writer0-msg6365
25479,140034264380992,1760733178,565477962,writer1-msg6400
25480,140034264380992,1760733178,565478288,writer1-msg6401
25481,140034247595584,1760733178,567471625,writer3-msg6360
25482,140034247595584,1760733178,567471846,writer3-msg6361
25483,140034255988288,1760733178,567541048,writer2-msg6352
25484,140034255988288,1760733178,567541217,writer2-msg6353
25485,140034272773696,1760733178,567762889,writer0-msg6366
25486,140034272773696,1760733178,567763224,writer0-msg6367
25487,140034264380992,1760733178,568543986,writer1-msg6402
25488,140034264380992,1760733178,568544201,writer1-msg6403
25489,140034247595584,1760733178,570568598,writer3-msg6362
25490,140034247595584,1760733178,570568793,writer3-msg6363
25491,140034255988288,1760733178,570611990,writer2-msg6354
25492,140034255988288,1760733178,570612153,writer2-msg6355
25493,140034272773696,1760733178,570898683,writer0-msg6368
25494,140034272773696,1760733178,570898875,writer0-msg6369
25495,140034264380992,1760733178,571626651,writer1-msg6404
25496,140034264380992,1760733178,571627719,writer1-msg6405
25497,140034247595584,1760733178,573699097,writer3-msg6364
25498,140034247595584,1760733178,573699307,writer3-msg6365
25499,140034255988288,1760733178,573714904,writer2-msg6356
25500,140034255988288,1760733178,573715152,writer2-msg6357
25501,140034272773696,1760733178,573969579,writer0-msg6370
25502,140034272773696,1760733178,573969743,writer0-msg6371
25503,140034264380992,1760733178,574722110,writer1-msg6406
25504,140034264380992,1760733178,574722348,writer1-msg6407
25505,140034247595584,1760733178,576790602,writer3-msg6366
25506,140034247595584,1760733178,576790884,writer3-msg6367
25507,140034255988288,1760733178,576817438,writer2-msg6358
25508,140034255988288,1760733178,576817748,writer2-msg6359
25509,140034272773696,1760733178,577032861,writer0-msg6372
25510,140034272773696,1760733178,577033133,writer0-msg6373
25511,140034264380992,1760733178,577838534,writer1-msg6408
25512,140034264380992,1760733178,577838896,writer1-msg6409
25513,140034247595584,1760733178,579904394,writer3-msg6368
25514,140034247595584,1760733178,579904594,writer3-msg6369
25515,140034255988288,1760733178,579925452,writer2-msg6360
25516,140034255988288,1760733178,579925729,writer2-msg6361
25517,140034272773696,1760733178,580101440,writer0-msg6374
25518,140034272773696,1760733178,580101606,writer0-msg6375
25519,140034264380992,1760733178,580967820,writer1-msg6410
25520,140034264380992,1760733178,580968085,writer1-msg6411
25521,140034247595584,1760733178,582982152,writer3-msg6370
25522,140034247595584,1760733178,582982384,writer3-msg6371
25523,140034255988288,1760733178,583004033,writer2-msg6362
25524,140034255988288,1760733178,583004251,writer2-msg6363
25525,140034272773696,1760733178,583174286,writer0-msg6376
25526,140034272773696,1760733178,583174493,writer0-msg6377
25527,140034264380992,1760733178,584062507,writer1-msg6412
25528,140034264380992,1760733178,584062758,writer1-msg6413
25529,140034255988288,1760733178,586131608,writer2-msg6364
25530,140034255988288,1760733178,586131907,writer2-msg6365
25531,140034247595584,1760733178,586150107,writer3-msg6372
25532,140034247595584,1760733178,586150686,writer3-msg6373
25533,140034272773696,1760733178,586344779,writer0-msg6378
25534,140034272773696,1760733178,586345346,writer0-msg6379
25535,140034264380992,1760733178,587143453,writer1-msg6414
25536,140034264380992,1760733178,587143681,writer1-msg6415
25537,140034255988288,1760733178,589272077,writer2-msg6366
25538,140034255988288,1760733178,589272434,writer2-msg6367
25539,140034247595584,1760733178,589309693,writer3-msg6374
25540,140034247595584,1760733178,589309864,writer3-msg6375
25541,140034272773696,1760733178,589417595,writer0-msg6380
25542,140034272773696,1760733178,589417788,writer0-msg6381
25543,140034264380992,1760733178,590230117,writer1-msg6416
25544,140034264380992,1760733178,590230349,writer1-msg6417
25545,140034255988288,1760733178,592368492,writer2-msg6368
25546,140034255988288,1760733178,592368930,writer2-msg6369
25547,140034247595584,1760733178,592381510,writer3-msg6376
25548,140034247595584,1760733178,592381858,writer3-msg6377
25549,140034272773696,1760733178,592488293,writer0-msg6382
25550,140034272773696,1760733178,592488584,writer0-msg6383
25551,140034264380992,1760733178,593331671,writer1-msg6418
25552,140034264380992,1760733178,593331874,writer1-msg6419
25553,140034255988288,1760733178,595500766,writer2-msg6370
25554,140034255988288,1760733178,595501059,writer2-msg6371
25555,140034247595584,1760733178,595502632,writer3-msg6378
25556,140034247595584,1760733178,595502865,writer3-msg6379
25557,140034272773696,1760733178,595558613,writer0-msg6384
25558,140034272773696,1760733178,595558803,writer0-msg6385
25559,140034264380992,1760733178,596399037,writer1-msg6420
25560,140034264380992,1760733178,596399348,writer1-msg6421
25561,140034255988288,1760733178,598574345,writer2-msg6372
25562,140034255988288,1760733178,598575216,writer2-msg6373
25563,140034247595584,1760733178,598577231,writer3-msg6380
25564,140034247595584,1760733178,598577520,writer3-msg6381
25565,140034272773696,1760733178,598629494,writer0-msg6386
25566,140034272773696,1760733178,598629679,writer0-msg6387
25567,140034264380992,1760733178,599471159,writer1-msg6422
25568,140034264380992,1760733178,599471337,writer1-msg6423
25569,140034247595584,1760733178,601656931,writer3-msg6382
25570,140034247595584,1760733178,601657342,writer3-msg6383
25571,140034255988288,1760733178,601668912,writer2-msg6374
25572,140034255988288,1760733178,601669295,writer2-msg6375
25573,140034272773696,1760733178,601716732,writer0-msg6388
25574,140034272773696,1760733178,601717001,writer0-msg6389
25575,140034264380992,1760733178,602551785,writer1-msg6424
25576,140034264380992,1760733178,602552042,writer1-msg6425
25577,140034247595584,1760733178,604767383,writer3-msg6384
25578,140034247595584,1760733178,604767723,writer3-msg6385
25579,140034255988288,1760733178,604781029,writer2-msg6376
25580,140034255988288,1760733178,604781322,writer2-msg6377
25581,140034272773696,1760733178,604789793,writer0-msg6390
25582,140034272773696,1760733178,604790050,writer0-msg6391
25583,140034264380992,1760733178,605617541,writer1-msg6426
25584,140034264380992,1760733178,605617829,writer1-msg6427
25585,140034247595584,1760733178,607855760,writer3-msg6386
25586,140034247595584,1760733178,607856023,writer3-msg6387
25587,140034255988288,1760733178,607884711,writer2-msg6378
25588,140034255988288,1760733178,607884993,writer2-msg6379
25589,140034272773696,1760733178,607894356,writer0-msg6392
25590,140034272773696,1760733178,607894641,writer0-msg6393
25591,140034264380992,1760733178,608681819,writer1-msg6428
25592,140034264380992,1760733178,608682093,writer1-msg6429
25593,140034247595584,1760733178,610951773,writer3-msg6388
25594,140034247595584,1760733178,610952017,writer3-msg6389
25595,140034272773696,1760733178,610986918,writer0-msg6394
25596,140034272773696,1760733178,610987154,writer0-msg6395
25597,140034255988288,1760733178,610991194,writer2-msg6380
25598,140034255988288,1760733178,610991471,writer2-msg6381
25599,140034264380992,1760733178,611748217,writer1-msg6430
25600,140034264380992,1760733178,611748575,writer1-msg6431
25601,140034247595584,1760733178,614035819,writer3-msg6390
25602,140034247595584,1760733178,614036236,writer3-msg6391
25603,140034272773696,1760733178,614086866,writer0-msg6396
25604,140034272773696,1760733178,614087211,writer0-msg6397
25605,140034255988288,1760733178,614088363,writer2-msg6382
25606,140034255988288,1760733178,614088576,writer2-msg6383
25607,140034264380992,1760733178,614835711,writer1-msg6432
25608,140034264380992,1760733178,614836021,writer1-msg6433
25609,140034247595584,1760733178,617131138,writer3-msg6392
25610,140034247595584,1760733178,617131445,writer3-msg6393
25611,140034255988288,1760733178,617156494,writer2-msg6384
25612,140034255988288,1760733178,617156768,writer2-msg6385
25613,140034272773696,1760733178,617189396,writer0-msg6398
25614,140034272773696,1760733178,617189614,writer0-msg6399
25615,140034264380992,1760733178,617948989,writer1-msg6434
25616,140034264380992,1760733178,617949223,writer1-msg6435
25617,140034255988288,1760733178,620323927,writer2-msg6386
25618,140034255988288,1760733178,620324190,writer2-msg6387
25619,140034272773696,1760733178,620344148,writer0-msg6400
25620,140034272773696,1760733178,620344450,writer0-msg6401
25621,140034247595584,1760733178,620384048,writer3-msg6394
25622,140034247595584,1760733178,620384301,writer3-msg6395
25623,140034264380992,1760733178,621072180,writer1-msg6436
25624,140034264380992,1760733178,621072501,writer1-msg6437
25625,140034272773696,1760733178,623480819,writer0-msg6402
25626,140034272773696,1760733178,623481078,writer0-msg6403
25627,140034255988288,1760733178,623575393,writer2-msg6388
25628,140034255988288,1760733178,623575628,writer2-msg6389
25629,140034247595584,1760733178,623669895,writer3-msg6396
25630,140034247595584,1760733178,623670112,writer3-msg6397
25631,140034264380992,1760733178,624157863,writer1-msg6438
25632,140034264380992,1760733178,624158151,writer1-msg6439
25633,140034272773696,1760733178,626681999,writer0-msg6404
25634,140034272773696,1760733178,626682238,writer0-msg6405
25635,140034255988288,1760733178,626813520,writer2-msg6390
25636,140034255988288,1760733178,626813727,writer2-msg6391
25637,140034247595584,1760733178,626830505,writer3-msg6398
25638,140034247595584,1760733178,626830724,writer3-msg6399
25639,140034264380992,1760733178,627223559,writer1-msg6440
25640,140034264380992,1760733178,627223817,writer1-msg6441
25641,140034272773696,1760733178,629869097,writer0-msg6406
25642,140034272773696,1760733178,629869459,writer0-msg6407
25643,140034247595584,1760733178,629992830,writer3-msg6400
25644,140034247595584,1760733178,629993050,writer3-msg6401
25645,140034255988288,1760733178,629995748,writer2-msg6392
25646,140034255988288,1760733178,629995954,writer2-msg6393
25647,140034264380992,1760733178,630332587,writer1-msg6442
25648,140034264380992,1760733178,630332861,writer1-msg6443
25649,140034272773696,1760733178,632955666,writer0-msg6408
25650,140034272773696,1760733178,632955990,writer0-msg6409
25651,140034247595584,1760733178,633078339,writer3-msg6402
25652,140034247595584,1760733178,633078695,writer3-msg6403
25653,140034255988288,1760733178,633083135,writer2-msg6394
25654,140034255988288,1760733178,633083448,writer2-msg6395
25655,140034264380992,1760733178,633414116,writer1-msg6444
25656,140034264380992,1760733178,633414326,writer1-msg6445
25657,140034272773696,1760733178,636059173,writer0-msg6410
25658,140034272773696,1760733178,636059531,writer0-msg6411
25659,140034255988288,1760733178,636238464,writer2-msg6396
25660,140034255988288,1760733178,636238676,writer2-msg6397
25661,140034247595584,1760733178,636243088,writer3-msg6404
25662,140034247595584,1760733178,636243403,writer3-msg6405
25663,140034264380992,1760733178,636499784,writer1-msg6446
25664,140034264380992,1760733178,636500066,writer1-msg6447
25665,140034272773696,1760733178,639124292,writer0-msg6412
25666,140034272773696,1760733178,639124580,writer0-msg6413
25667,140034247595584,1760733178,639396078,writer3-msg6406
25668,140034247595584,1760733178,639396257,writer3-msg6407
25669,140034255988288,1760733178,639397918,writer2-msg6398
25670,140034255988288,1760733178,639398181,writer2-msg6399
25671,140034264380992,1760733178,639600080,writer1-msg6448
25672,140034264380992,1760733178,639600322,writer1-msg6449
25673,140034272773696,1760733178,642230084,writer0-msg6414
25674,140034272773696,1760733178,642230413,writer0-msg6415
25675,140034247595584,1760733178,642573497,writer3-msg6408
25676,140034247595584,1760733178,642573740,writer3-msg6409
25677,140034255988288,1760733178,642579322,writer2-msg6400
25678,140034255988288,1760733178,642579601,writer2-msg6401
25679,140034264380992,1760733178,642703062,writer1-msg6450
25680,140034264380992,1760733178,642703387,writer1-msg6451
25681,140034272773696,1760733178,645315025,writer0-msg6416
25682,140034272773696,1760733178,645315342,writer0-msg6417
25683,140034247595584,1760733178,645702499,writer3-msg6410
25684,140034247595584,1760733178,645702738,writer3-msg6411
25685,140034264380992,1760733178,645768296,writer1-msg6452
25686,140034264380992,1760733178,645768582,writer1-msg6453
25687,140034255988288,1760733178,645784426,writer2-msg6402
25688,140034255988288,1760733178,645784656,writer2-msg6403
25689,140034272773696,1760733178,648458126,writer0-msg6418
25690,140034272773696,1760733178,648458373,writer0-msg6419
25691,140034264380992,1760733178,648847820,writer1-msg6454
25692,140034264380992,1760733178,648848074,writer1-msg6455
25693,140034247595584,1760733178,648884417,writer3-msg6412
25694,140034247595584,1760733178,648884653,writer3-msg6413
25695,140034255988288,1760733178,648993500,writer2-msg6404
25696,140034255988288,1760733178,648993711,writer2-msg6405
25697,140034272773696,1760733178,651616396,writer0-msg6420
25698,140034272773696,1760733178,651616639,writer0-msg6421
25699,140034264380992,1760733178,651913115,writer1-msg6456
25700,140034264380992,1760733178,651913398,writer1-msg6457
25701,140034247595584,1760733178,651963787,writer3-msg6414
25702,140034247595584,1760733178,651964020,writer3-msg6415
25703,140034255988288,1760733178,652182544,writer2-msg6406
25704,140034255988288,1760733178,652182777,writer2-msg6407
25705,140034272773696,1760733178,654816967,writer0-msg6422
25706,140034272773696,1760733178,654817208,writer0-msg6423
25707,140034264380992,1760733178,654977244,writer1-msg6458
25708,140034264380992,1760733178,654977493,writer1-msg6459
25709,140034247595584,1760733178,655128344,writer3-msg6416
25710,140034247595584,1760733178,655128559,writer3-msg6417
25711,140034255988288,1760733178,655256272,writer2-msg6408
25712,140034255988288,1760733178,655256445,writer2-msg6409
25713,140034272773696,1760733178,658000125,writer0-msg6424
25714,140034272773696,1760733178,658000446,writer0-msg6425
25715,140034264380992,1760733178,658082290,writer1-msg6460
25716,140034264380992,1760733178,658082475,writer1-msg6461
25717,140034247595584,1760733178,658211820,writer3-msg6418
25718,140034247595584,1760733178,658212045,writer3-msg6419
25719,140034255988288,1760733178,658326131,writer2-msg6410
25720,140034255988288,1760733178,658326305,writer2-msg6411
25721,140034264380992,1760733178,661171888,writer1-msg6462
25722,140034264380992,1760733178,661172124,writer1-msg6463
25723,140034272773696,1760733178,661183731,writer0-msg6426
25724,140034272773696,1760733178,661183949,writer0-msg6427
25725,140034247595584,1760733178,661366779,writer3-msg6420
25726,140034247595584,1760733178,661366992,writer3-msg6421
25727,140034255988288,1760733178,661402716,writer2-msg6412
25728,140034255988288,1760733178,661402926,writer2-msg6413
25729,140034264380992,1760733178,664268798,writer1-msg6464
25730,140034264380992,1760733178,664269015,writer1-msg6465
25731,140034272773696,1760733178,664271164,writer0-msg6428
25732,140034272773696,1760733178,664271411,writer0-msg6429
25733,140034247595584,1760733178,664482532,writer3-msg6422
25734,140034247595584,1760733178,664482732,writer3-msg6423
25735,140034255988288,1760733178,664550046,writer2-msg6414
25736,140034255988288,1760733178,664550243,writer2-msg6415
25737,140034264380992,1760733178,667408019,writer1-msg6466
25738,140034264380992,1760733178,667408286,writer1-msg6467
25739,140034272773696,1760733178,667532025,writer0-msg6430
25740,140034272773696,1760733178,667532250,writer0-msg6431
25741,140034247595584,1760733178,667555986,writer3-msg6424
25742,140034247595584,1760733178,667556194,writer3-msg6425
25743,140034255988288,1760733178,667620315,writer2-msg6416
25744,140034255988288,1760733178,667620486,writer2-msg6417
